{"val_loss":0.30311819290121395,"_wandb":{"runtime":10065},"_runtime":10065,"val_accuracy":0.9226666666666666,"train_loss":0.2633652687072754,"epoch":29,"batch":54,"_timestamp":1.7773594750508492e+09,"_step":503}