{"_runtime":339,"_step":27,"train_loss":1.9119237661361694,"epoch":0,"batch":27,"_timestamp":1.7772443811879199e+09,"_wandb":{"runtime":339}}