{"_runtime":6131,"_step":934,"train_loss":3.262838840484619,"epoch":16,"batch":53,"_timestamp":1.7781907597902305e+09,"val_loss":3.6116326649983725,"_wandb":{"runtime":6131}}